<annotation>
	<folder>Destek_Kodlar</folder>
	<filename>3_labeling418.jpg</filename>
	<path>C:\Users\Emre\Desktop\Bitirme Projem\Destek_Kodlar\3_labeling418.jpg</path>
	<source>
		<database>Unknown</database>
	</source>
	<size>
		<width>224</width>
		<height>224</height>
		<depth>3</depth>
	</size>
	<segmented>0</segmented>
	<object>
		<name>hedef</name>
		<pose>Unspecified</pose>
		<truncated>0</truncated>
		<difficult>0</difficult>
		<bndbox>
			<xmin>114</xmin>
			<ymin>31</ymin>
			<xmax>181</xmax>
			<ymax>141</ymax>
		</bndbox>
	</object>
</annotation>
