<annotation>
	<folder>Destek_Kodlar</folder>
	<filename>3_labeling312.jpg</filename>
	<path>C:\Users\Emre\Desktop\Bitirme Projem\Destek_Kodlar\3_labeling312.jpg</path>
	<source>
		<database>Unknown</database>
	</source>
	<size>
		<width>224</width>
		<height>224</height>
		<depth>3</depth>
	</size>
	<segmented>0</segmented>
	<object>
		<name>hedef</name>
		<pose>Unspecified</pose>
		<truncated>0</truncated>
		<difficult>0</difficult>
		<bndbox>
			<xmin>93</xmin>
			<ymin>26</ymin>
			<xmax>147</xmax>
			<ymax>150</ymax>
		</bndbox>
	</object>
</annotation>
