<annotation>
	<folder>Destek_Kodlar</folder>
	<filename>3_labeling508.jpg</filename>
	<path>C:\Users\Emre\Desktop\Bitirme Projem\Destek_Kodlar\3_labeling508.jpg</path>
	<source>
		<database>Unknown</database>
	</source>
	<size>
		<width>224</width>
		<height>224</height>
		<depth>3</depth>
	</size>
	<segmented>0</segmented>
	<object>
		<name>hedef</name>
		<pose>Unspecified</pose>
		<truncated>1</truncated>
		<difficult>0</difficult>
		<bndbox>
			<xmin>64</xmin>
			<ymin>1</ymin>
			<xmax>149</xmax>
			<ymax>178</ymax>
		</bndbox>
	</object>
</annotation>
