<annotation>
	<folder>Resize_Data</folder>
	<filename>rotated221.jpg</filename>
	<path>C:\Users\Emre\Desktop\Bitirme Projem\VeriSeti\Resize_Data\Resize_Data\rotated221.jpg</path>
	<source>
		<database>Unknown</database>
	</source>
	<size>
		<width>224</width>
		<height>224</height>
		<depth>3</depth>
	</size>
	<segmented>0</segmented>
	<object>
		<name>hedef</name>
		<pose>Unspecified</pose>
		<truncated>0</truncated>
		<difficult>0</difficult>
		<bndbox>
			<xmin>34</xmin>
			<ymin>21</ymin>
			<xmax>114</xmax>
			<ymax>136</ymax>
		</bndbox>
	</object>
</annotation>
