<annotation>
	<folder>Resize_Data</folder>
	<filename>rotated12.jpg</filename>
	<path>C:\Users\Emre\Desktop\Bitirme Projem\VeriSeti\Resize_Data\Resize_Data\rotated12.jpg</path>
	<source>
		<database>Unknown</database>
	</source>
	<size>
		<width>224</width>
		<height>224</height>
		<depth>3</depth>
	</size>
	<segmented>0</segmented>
	<object>
		<name>hedef</name>
		<pose>Unspecified</pose>
		<truncated>1</truncated>
		<difficult>0</difficult>
		<bndbox>
			<xmin>43</xmin>
			<ymin>1</ymin>
			<xmax>188</xmax>
			<ymax>196</ymax>
		</bndbox>
	</object>
</annotation>
