<annotation>
	<folder>Resize_Data</folder>
	<filename>rotated174.jpg</filename>
	<path>C:\Users\Emre\Desktop\Bitirme Projem\VeriSeti\Resize_Data\Resize_Data\rotated174.jpg</path>
	<source>
		<database>Unknown</database>
	</source>
	<size>
		<width>224</width>
		<height>224</height>
		<depth>3</depth>
	</size>
	<segmented>0</segmented>
	<object>
		<name>hedef</name>
		<pose>Unspecified</pose>
		<truncated>0</truncated>
		<difficult>0</difficult>
		<bndbox>
			<xmin>33</xmin>
			<ymin>26</ymin>
			<xmax>107</xmax>
			<ymax>132</ymax>
		</bndbox>
	</object>
</annotation>
