<annotation>
	<folder>deneme</folder>
	<filename>3_labeling_transpose_121derece611.jpg</filename>
	<path>C:\Users\Emre\Desktop\deneme\3_labeling_transpose_121derece611.jpg</path>
	<source>
		<database>Unknown</database>
	</source>
	<size>
		<width>224</width>
		<height>224</height>
		<depth>3</depth>
	</size>
	<segmented>0</segmented>
	<object>
		<name>hedef</name>
		<pose>Unspecified</pose>
		<truncated>0</truncated>
		<difficult>0</difficult>
		<bndbox>
			<xmin>63</xmin>
			<ymin>121</ymin>
			<xmax>128</xmax>
			<ymax>188</ymax>
		</bndbox>
	</object>
</annotation>
