<annotation>
	<folder>deneme</folder>
	<filename>3_labeling_enhance1.2940806649369776516.jpg</filename>
	<path>C:\Users\Emre\Desktop\deneme\3_labeling_enhance1.2940806649369776516.jpg</path>
	<source>
		<database>Unknown</database>
	</source>
	<size>
		<width>224</width>
		<height>224</height>
		<depth>3</depth>
	</size>
	<segmented>0</segmented>
	<object>
		<name>hedef</name>
		<pose>Unspecified</pose>
		<truncated>0</truncated>
		<difficult>0</difficult>
		<bndbox>
			<xmin>58</xmin>
			<ymin>35</ymin>
			<xmax>101</xmax>
			<ymax>108</ymax>
		</bndbox>
	</object>
</annotation>
