<annotation>
	<folder>Resized - 1</folder>
	<filename>Veri144.jpg</filename>
	<path>C:\Users\Emre\Desktop\Dataset\Dataset\Resized - 1\Veri144.jpg</path>
	<source>
		<database>Unknown</database>
	</source>
	<size>
		<width>224</width>
		<height>224</height>
		<depth>3</depth>
	</size>
	<segmented>0</segmented>
	<object>
		<name>hedef</name>
		<pose>Unspecified</pose>
		<truncated>0</truncated>
		<difficult>0</difficult>
		<bndbox>
			<xmin>184</xmin>
			<ymin>75</ymin>
			<xmax>190</xmax>
			<ymax>89</ymax>
		</bndbox>
	</object>
</annotation>
