<annotation>
	<folder>1</folder>
	<filename>rotated79.jpg</filename>
	<path>C:\Users\Emre\Desktop\1\rotated79.jpg</path>
	<source>
		<database>Unknown</database>
	</source>
	<size>
		<width>224</width>
		<height>224</height>
		<depth>3</depth>
	</size>
	<segmented>0</segmented>
	<object>
		<name>hedef</name>
		<pose>Unspecified</pose>
		<truncated>0</truncated>
		<difficult>0</difficult>
		<bndbox>
			<xmin>81</xmin>
			<ymin>53</ymin>
			<xmax>120</xmax>
			<ymax>157</ymax>
		</bndbox>
	</object>
</annotation>
