<annotation>
	<folder>1</folder>
	<filename>rotated65.jpg</filename>
	<path>C:\Users\Emre\Desktop\1\rotated65.jpg</path>
	<source>
		<database>Unknown</database>
	</source>
	<size>
		<width>224</width>
		<height>224</height>
		<depth>3</depth>
	</size>
	<segmented>0</segmented>
	<object>
		<name>hedef</name>
		<pose>Unspecified</pose>
		<truncated>0</truncated>
		<difficult>0</difficult>
		<bndbox>
			<xmin>98</xmin>
			<ymin>37</ymin>
			<xmax>141</xmax>
			<ymax>159</ymax>
		</bndbox>
	</object>
</annotation>
