<annotation>
	<folder>1</folder>
	<filename>rotated2.jpg</filename>
	<path>C:\Users\Emre\Desktop\1\rotated2.jpg</path>
	<source>
		<database>Unknown</database>
	</source>
	<size>
		<width>224</width>
		<height>224</height>
		<depth>3</depth>
	</size>
	<segmented>0</segmented>
	<object>
		<name>hedef</name>
		<pose>Unspecified</pose>
		<truncated>0</truncated>
		<difficult>0</difficult>
		<bndbox>
			<xmin>91</xmin>
			<ymin>22</ymin>
			<xmax>158</xmax>
			<ymax>183</ymax>
		</bndbox>
	</object>
</annotation>
