<annotation>
	<folder>1</folder>
	<filename>rotated89.jpg</filename>
	<path>C:\Users\Emre\Desktop\1\rotated89.jpg</path>
	<source>
		<database>Unknown</database>
	</source>
	<size>
		<width>224</width>
		<height>224</height>
		<depth>3</depth>
	</size>
	<segmented>0</segmented>
	<object>
		<name>hedef</name>
		<pose>Unspecified</pose>
		<truncated>0</truncated>
		<difficult>0</difficult>
		<bndbox>
			<xmin>84</xmin>
			<ymin>90</ymin>
			<xmax>112</xmax>
			<ymax>162</ymax>
		</bndbox>
	</object>
</annotation>
