<annotation>
	<folder>deneme</folder>
	<filename>3_labeling_transpose_2.615110989501799derece876.jpg</filename>
	<path>C:\Users\Emre\Desktop\deneme\3_labeling_transpose_2.615110989501799derece876.jpg</path>
	<source>
		<database>Unknown</database>
	</source>
	<size>
		<width>224</width>
		<height>224</height>
		<depth>3</depth>
	</size>
	<segmented>0</segmented>
	<object>
		<name>hedef</name>
		<pose>Unspecified</pose>
		<truncated>0</truncated>
		<difficult>0</difficult>
		<bndbox>
			<xmin>105</xmin>
			<ymin>85</ymin>
			<xmax>122</xmax>
			<ymax>124</ymax>
		</bndbox>
	</object>
</annotation>
