<annotation>
	<folder>deneme</folder>
	<filename>3_labeling_enhance3.318192332177466676.jpg</filename>
	<path>C:\Users\Emre\Desktop\deneme\3_labeling_enhance3.318192332177466676.jpg</path>
	<source>
		<database>Unknown</database>
	</source>
	<size>
		<width>224</width>
		<height>224</height>
		<depth>3</depth>
	</size>
	<segmented>0</segmented>
	<object>
		<name>hedef</name>
		<pose>Unspecified</pose>
		<truncated>0</truncated>
		<difficult>0</difficult>
		<bndbox>
			<xmin>72</xmin>
			<ymin>65</ymin>
			<xmax>113</xmax>
			<ymax>130</ymax>
		</bndbox>
	</object>
</annotation>
