<annotation>
	<folder>deneme</folder>
	<filename>3_labeling_enhance2.1270889467232204941.jpg</filename>
	<path>C:\Users\Emre\Desktop\deneme\3_labeling_enhance2.1270889467232204941.jpg</path>
	<source>
		<database>Unknown</database>
	</source>
	<size>
		<width>224</width>
		<height>224</height>
		<depth>3</depth>
	</size>
	<segmented>0</segmented>
	<object>
		<name>hedef</name>
		<pose>Unspecified</pose>
		<truncated>0</truncated>
		<difficult>0</difficult>
		<bndbox>
			<xmin>14</xmin>
			<ymin>19</ymin>
			<xmax>109</xmax>
			<ymax>160</ymax>
		</bndbox>
	</object>
</annotation>
