<annotation>
	<folder>Destek_Kodlar</folder>
	<filename>3_labeling344.jpg</filename>
	<path>C:\Users\Emre\Desktop\Bitirme Projem\Destek_Kodlar\3_labeling344.jpg</path>
	<source>
		<database>Unknown</database>
	</source>
	<size>
		<width>224</width>
		<height>224</height>
		<depth>3</depth>
	</size>
	<segmented>0</segmented>
	<object>
		<name>hedef</name>
		<pose>Unspecified</pose>
		<truncated>0</truncated>
		<difficult>0</difficult>
		<bndbox>
			<xmin>98</xmin>
			<ymin>19</ymin>
			<xmax>164</xmax>
			<ymax>151</ymax>
		</bndbox>
	</object>
</annotation>
