<annotation>
	<folder>Resized - 1</folder>
	<filename>Veri61.jpg</filename>
	<path>C:\Users\Emre\Desktop\Dataset\Dataset\Resized - 1\Veri61.jpg</path>
	<source>
		<database>Unknown</database>
	</source>
	<size>
		<width>240</width>
		<height>240</height>
		<depth>3</depth>
	</size>
	<segmented>0</segmented>
	<object>
		<name>hedef</name>
		<pose>Unspecified</pose>
		<truncated>0</truncated>
		<difficult>0</difficult>
		<bndbox>
			<xmin>112</xmin>
			<ymin>13</ymin>
			<xmax>157</xmax>
			<ymax>176</ymax>
		</bndbox>
	</object>
</annotation>
